index,value
1749 jan,58
1749 fev,62.6
1749 mar,70
1749 abr,55.7
1749 mai,85
1749 jun,83.5
1749 jul,94.8
1749 ago,66.3
1749 set,75.9
1749 out,75.5
1749 nov,158.6
1749 dez,85.2
1750 jan,73.3
1750 fev,75.9
1750 mar,89.2
1750 abr,88.3
1750 mai,90
1750 jun,100
1750 jul,85.4
1750 ago,103
1750 set,91.2
1750 out,65.7
1750 nov,63.3
1750 dez,75.4
1751 jan,70
1751 fev,43.5
1751 mar,45.3
1751 abr,56.4
1751 mai,60.7
1751 jun,50.7
1751 jul,66.3
1751 ago,59.8
1751 set,23.5
1751 out,23.2
1751 nov,28.5
1751 dez,44
1752 jan,35
1752 fev,50
1752 mar,71
1752 abr,59.3
1752 mai,59.7
1752 jun,39.6
1752 jul,78.4
1752 ago,29.3
1752 set,27.1
1752 out,46.6
1752 nov,37.6
1752 dez,40
1753 jan,44
1753 fev,32
1753 mar,45.7
1753 abr,38
1753 mai,36
1753 jun,31.7
1753 jul,22.2
1753 ago,39
1753 set,28
1753 out,25
1753 nov,20
1753 dez,6.7
1754 jan,0
1754 fev,3
1754 mar,1.7
1754 abr,13.7
1754 mai,20.7
1754 jun,26.7
1754 jul,18.8
1754 ago,12.3
1754 set,8.2
1754 out,24.1
1754 nov,13.2
1754 dez,4.2
1755 jan,10.2
1755 fev,11.2
1755 mar,6.8
1755 abr,6.5
1755 mai,0
1755 jun,0
1755 jul,8.6
1755 ago,3.2
1755 set,17.8
1755 out,23.7
1755 nov,6.8
1755 dez,20
1756 jan,12.5
1756 fev,7.1
1756 mar,5.4
1756 abr,9.4
1756 mai,12.5
1756 jun,12.9
1756 jul,3.6
1756 ago,6.4
1756 set,11.8
1756 out,14.3
1756 nov,17
1756 dez,9.4
1757 jan,14.1
1757 fev,21.2
1757 mar,26.2
1757 abr,30
1757 mai,38.1
1757 jun,12.8
1757 jul,25
1757 ago,51.3
1757 set,39.7
1757 out,32.5
1757 nov,64.7
1757 dez,33.5
1758 jan,37.6
1758 fev,52
1758 mar,49
1758 abr,72.3
1758 mai,46.4
1758 jun,45
1758 jul,44
1758 ago,38.7
1758 set,62.5
1758 out,37.7
1758 nov,43
1758 dez,43
1759 jan,48.3
1759 fev,44
1759 mar,46.8
1759 abr,47
1759 mai,49
1759 jun,50
1759 jul,51
1759 ago,71.3
1759 set,77.2
1759 out,59.7
1759 nov,46.3
1759 dez,57
1760 jan,67.3
1760 fev,59.5
1760 mar,74.7
1760 abr,58.3
1760 mai,72
1760 jun,48.3
1760 jul,66
1760 ago,75.6
1760 set,61.3
1760 out,50.6
1760 nov,59.7
1760 dez,61
1761 jan,70
1761 fev,91
1761 mar,80.7
1761 abr,71.7
1761 mai,107.2
1761 jun,99.3
1761 jul,94.1
1761 ago,91.1
1761 set,100.7
1761 out,88.7
1761 nov,89.7
1761 dez,46
1762 jan,43.8
1762 fev,72.8
1762 mar,45.7
1762 abr,60.2
1762 mai,39.9
1762 jun,77.1
1762 jul,33.8
1762 ago,67.7
1762 set,68.5
1762 out,69.3
1762 nov,77.8
1762 dez,77.2
1763 jan,56.5
1763 fev,31.9
1763 mar,34.2
1763 abr,32.9
1763 mai,32.7
1763 jun,35.8
1763 jul,54.2
1763 ago,26.5
1763 set,68.1
1763 out,46.3
1763 nov,60.9
1763 dez,61.4
1764 jan,59.7
1764 fev,59.7
1764 mar,40.2
1764 abr,34.4
1764 mai,44.3
1764 jun,30
1764 jul,30
1764 ago,30
1764 set,28.2
1764 out,28
1764 nov,26
1764 dez,25.7
1765 jan,24
1765 fev,26
1765 mar,25
1765 abr,22
1765 mai,20.2
1765 jun,20
1765 jul,27
1765 ago,29.7
1765 set,16
1765 out,14
1765 nov,14
1765 dez,13
1766 jan,12
1766 fev,11
1766 mar,36.6
1766 abr,6
1766 mai,26.8
1766 jun,3
1766 jul,3.3
1766 ago,4
1766 set,4.3
1766 out,5
1766 nov,5.7
1766 dez,19.2
1767 jan,27.4
1767 fev,30
1767 mar,43
1767 abr,32.9
1767 mai,29.8
1767 jun,33.3
1767 jul,21.9
1767 ago,40.8
1767 set,42.7
1767 out,44.1
1767 nov,54.7
1767 dez,53.3
1768 jan,53.5
1768 fev,66.1
1768 mar,46.3
1768 abr,42.7
1768 mai,77.7
1768 jun,77.4
1768 jul,52.6
1768 ago,66.8
1768 set,74.8
1768 out,77.8
1768 nov,90.6
1768 dez,111.8
1769 jan,73.9
1769 fev,64.2
1769 mar,64.3
1769 abr,96.7
1769 mai,73.6
1769 jun,94.4
1769 jul,118.6
1769 ago,120.3
1769 set,148.8
1769 out,158.2
1769 nov,148.1
1769 dez,112
1770 jan,104
1770 fev,142.5
1770 mar,80.1
1770 abr,51
1770 mai,70.1
1770 jun,83.3
1770 jul,109.8
1770 ago,126.3
1770 set,104.4
1770 out,103.6
1770 nov,132.2
1770 dez,102.3
1771 jan,36
1771 fev,46.2
1771 mar,46.7
1771 abr,64.9
1771 mai,152.7
1771 jun,119.5
1771 jul,67.7
1771 ago,58.5
1771 set,101.4
1771 out,90
1771 nov,99.7
1771 dez,95.7
1772 jan,100.9
1772 fev,90.8
1772 mar,31.1
1772 abr,92.2
1772 mai,38
1772 jun,57
1772 jul,77.3
1772 ago,56.2
1772 set,50.5
1772 out,78.6
1772 nov,61.3
1772 dez,64
1773 jan,54.6
1773 fev,29
1773 mar,51.2
1773 abr,32.9
1773 mai,41.1
1773 jun,28.4
1773 jul,27.7
1773 ago,12.7
1773 set,29.3
1773 out,26.3
1773 nov,40.9
1773 dez,43.2
1774 jan,46.8
1774 fev,65.4
1774 mar,55.7
1774 abr,43.8
1774 mai,51.3
1774 jun,28.5
1774 jul,17.5
1774 ago,6.6
1774 set,7.9
1774 out,14
1774 nov,17.7
1774 dez,12.2
1775 jan,4.4
1775 fev,0
1775 mar,11.6
1775 abr,11.2
1775 mai,3.9
1775 jun,12.3
1775 jul,1
1775 ago,7.9
1775 set,3.2
1775 out,5.6
1775 nov,15.1
1775 dez,7.9
1776 jan,21.7
1776 fev,11.6
1776 mar,6.3
1776 abr,21.8
1776 mai,11.2
1776 jun,19
1776 jul,1
1776 ago,24.2
1776 set,16
1776 out,30
1776 nov,35
1776 dez,40
1777 jan,45
1777 fev,36.5
1777 mar,39
1777 abr,95.5
1777 mai,80.3
1777 jun,80.7
1777 jul,95
1777 ago,112
1777 set,116.2
1777 out,106.5
1777 nov,146
1777 dez,157.3
1778 jan,177.3
1778 fev,109.3
1778 mar,134
1778 abr,145
1778 mai,238.9
1778 jun,171.6
1778 jul,153
1778 ago,140
1778 set,171.7
1778 out,156.3
1778 nov,150.3
1778 dez,105
1779 jan,114.7
1779 fev,165.7
1779 mar,118
1779 abr,145
1779 mai,140
1779 jun,113.7
1779 jul,143
1779 ago,112
1779 set,111
1779 out,124
1779 nov,114
1779 dez,110
1780 jan,70
1780 fev,98
1780 mar,98
1780 abr,95
1780 mai,107.2
1780 jun,88
1780 jul,86
1780 ago,86
1780 set,93.7
1780 out,77
1780 nov,60
1780 dez,58.7
1781 jan,98.7
1781 fev,74.7
1781 mar,53
1781 abr,68.3
1781 mai,104.7
1781 jun,97.7
1781 jul,73.5
1781 ago,66
1781 set,51
1781 out,27.3
1781 nov,67
1781 dez,35.2
1782 jan,54
1782 fev,37.5
1782 mar,37
1782 abr,41
1782 mai,54.3
1782 jun,38
1782 jul,37
1782 ago,44
1782 set,34
1782 out,23.2
1782 nov,31.5
1782 dez,30
1783 jan,28
1783 fev,38.7
1783 mar,26.7
1783 abr,28.3
1783 mai,23
1783 jun,25.2
1783 jul,32.2
1783 ago,20
1783 set,18
1783 out,8
1783 nov,15
1783 dez,10.5
1784 jan,13
1784 fev,8
1784 mar,11
1784 abr,10
1784 mai,6
1784 jun,9
1784 jul,6
1784 ago,10
1784 set,10
1784 out,8
1784 nov,17
1784 dez,14
1785 jan,6.5
1785 fev,8
1785 mar,9
1785 abr,15.7
1785 mai,20.7
1785 jun,26.3
1785 jul,36.3
1785 ago,20
1785 set,32
1785 out,47.2
1785 nov,40.2
1785 dez,27.3
1786 jan,37.2
1786 fev,47.6
1786 mar,47.7
1786 abr,85.4
1786 mai,92.3
1786 jun,59
1786 jul,83
1786 ago,89.7
1786 set,111.5
1786 out,112.3
1786 nov,116
1786 dez,112.7
1787 jan,134.7
1787 fev,106
1787 mar,87.4
1787 abr,127.2
1787 mai,134.8
1787 jun,99.2
1787 jul,128
1787 ago,137.2
1787 set,157.3
1787 out,157
1787 nov,141.5
1787 dez,174
1788 jan,138
1788 fev,129.2
1788 mar,143.3
1788 abr,108.5
1788 mai,113
1788 jun,154.2
1788 jul,141.5
1788 ago,136
1788 set,141
1788 out,142
1788 nov,94.7
1788 dez,129.5
1789 jan,114
1789 fev,125.3
1789 mar,120
1789 abr,123.3
1789 mai,123.5
1789 jun,120
1789 jul,117
1789 ago,103
1789 set,112
1789 out,89.7
1789 nov,134
1789 dez,135.5
1790 jan,103
1790 fev,127.5
1790 mar,96.3
1790 abr,94
1790 mai,93
1790 jun,91
1790 jul,69.3
1790 ago,87
1790 set,77.3
1790 out,84.3
1790 nov,82
1790 dez,74
1791 jan,72.7
1791 fev,62
1791 mar,74
1791 abr,77.2
1791 mai,73.7
1791 jun,64.2
1791 jul,71
1791 ago,43
1791 set,66.5
1791 out,61.7
1791 nov,67
1791 dez,66
1792 jan,58
1792 fev,64
1792 mar,63
1792 abr,75.7
1792 mai,62
1792 jun,61
1792 jul,45.8
1792 ago,60
1792 set,59
1792 out,59
1792 nov,57
1792 dez,56
1793 jan,56
1793 fev,55
1793 mar,55.5
1793 abr,53
1793 mai,52.3
1793 jun,51
1793 jul,50
1793 ago,29.3
1793 set,24
1793 out,47
1793 nov,44
1793 dez,45.7
1794 jan,45
1794 fev,44
1794 mar,38
1794 abr,28.4
1794 mai,55.7
1794 jun,41.5
1794 jul,41
1794 ago,40
1794 set,11.1
1794 out,28.5
1794 nov,67.4
1794 dez,51.4
1795 jan,21.4
1795 fev,39.9
1795 mar,12.6
1795 abr,18.6
1795 mai,31
1795 jun,17.1
1795 jul,12.9
1795 ago,25.7
1795 set,13.5
1795 out,19.5
1795 nov,25
1795 dez,18
1796 jan,22
1796 fev,23.8
1796 mar,15.7
1796 abr,31.7
1796 mai,21
1796 jun,6.7
1796 jul,26.9
1796 ago,1.5
1796 set,18.4
1796 out,11
1796 nov,8.4
1796 dez,5.1
1797 jan,14.4
1797 fev,4.2
1797 mar,4
1797 abr,4
1797 mai,7.3
1797 jun,11.1
1797 jul,4.3
1797 ago,6
1797 set,5.7
1797 out,6.9
1797 nov,5.8
1797 dez,3
1798 jan,2
1798 fev,4
1798 mar,12.4
1798 abr,1.1
1798 mai,0
1798 jun,0
1798 jul,0
1798 ago,3
1798 set,2.4
1798 out,1.5
1798 nov,12.5
1798 dez,9.9
1799 jan,1.6
1799 fev,12.6
1799 mar,21.7
1799 abr,8.4
1799 mai,8.2
1799 jun,10.6
1799 jul,2.1
1799 ago,0
1799 set,0
1799 out,4.6
1799 nov,2.7
1799 dez,8.6
1800 jan,6.9
1800 fev,9.3
1800 mar,13.9
1800 abr,0
1800 mai,5
1800 jun,23.7
1800 jul,21
1800 ago,19.5
1800 set,11.5
1800 out,12.3
1800 nov,10.5
1800 dez,40.1
1801 jan,27
1801 fev,29
1801 mar,30
1801 abr,31
1801 mai,32
1801 jun,31.2
1801 jul,35
1801 ago,38.7
1801 set,33.5
1801 out,32.6
1801 nov,39.8
1801 dez,48.2
1802 jan,47.8
1802 fev,47
1802 mar,40.8
1802 abr,42
1802 mai,44
1802 jun,46
1802 jul,48
1802 ago,50
1802 set,51.8
1802 out,38.5
1802 nov,34.5
1802 dez,50
1803 jan,50
1803 fev,50.8
1803 mar,29.5
1803 abr,25
1803 mai,44.3
1803 jun,36
1803 jul,48.3
1803 ago,34.1
1803 set,45.3
1803 out,54.3
1803 nov,51
1803 dez,48
1804 jan,45.3
1804 fev,48.3
1804 mar,48
1804 abr,50.6
1804 mai,33.4
1804 jun,34.8
1804 jul,29.8
1804 ago,43.1
1804 set,53
1804 out,62.3
1804 nov,61
1804 dez,60
1805 jan,61
1805 fev,44.1
1805 mar,51.4
1805 abr,37.5
1805 mai,39
1805 jun,40.5
1805 jul,37.6
1805 ago,42.7
1805 set,44.4
1805 out,29.4
1805 nov,41
1805 dez,38.3
1806 jan,39
1806 fev,29.6
1806 mar,32.7
1806 abr,27.7
1806 mai,26.4
1806 jun,25.6
1806 jul,30
1806 ago,26.3
1806 set,24
1806 out,27
1806 nov,25
1806 dez,24
1807 jan,12
1807 fev,12.2
1807 mar,9.6
1807 abr,23.8
1807 mai,10
1807 jun,12
1807 jul,12.7
1807 ago,12
1807 set,5.7
1807 out,8
1807 nov,2.6
1807 dez,0
1808 jan,0
1808 fev,4.5
1808 mar,0
1808 abr,12.3
1808 mai,13.5
1808 jun,13.5
1808 jul,6.7
1808 ago,8
1808 set,11.7
1808 out,4.7
1808 nov,10.5
1808 dez,12.3
1809 jan,7.2
1809 fev,9.2
1809 mar,0.9
1809 abr,2.5
1809 mai,2
1809 jun,7.7
1809 jul,0.3
1809 ago,0.2
1809 set,0.4
1809 out,0
1809 nov,0
1809 dez,0
1810 jan,0
1810 fev,0
1810 mar,0
1810 abr,0
1810 mai,0
1810 jun,0
1810 jul,0
1810 ago,0
1810 set,0
1810 out,0
1810 nov,0
1810 dez,0
1811 jan,0
1811 fev,0
1811 mar,0
1811 abr,0
1811 mai,0
1811 jun,0
1811 jul,6.6
1811 ago,0
1811 set,2.4
1811 out,6.1
1811 nov,0.8
1811 dez,1.1
1812 jan,11.3
1812 fev,1.9
1812 mar,0.7
1812 abr,0
1812 mai,1
1812 jun,1.3
1812 jul,0.5
1812 ago,15.6
1812 set,5.2
1812 out,3.9
1812 nov,7.9
1812 dez,10.1
1813 jan,0
1813 fev,10.3
1813 mar,1.9
1813 abr,16.6
1813 mai,5.5
1813 jun,11.2
1813 jul,18.3
1813 ago,8.4
1813 set,15.3
1813 out,27.8
1813 nov,16.7
1813 dez,14.3
1814 jan,22.2
1814 fev,12
1814 mar,5.7
1814 abr,23.8
1814 mai,5.8
1814 jun,14.9
1814 jul,18.5
1814 ago,2.3
1814 set,8.1
1814 out,19.3
1814 nov,14.5
1814 dez,20.1
1815 jan,19.2
1815 fev,32.2
1815 mar,26.2
1815 abr,31.6
1815 mai,9.8
1815 jun,55.9
1815 jul,35.5
1815 ago,47.2
1815 set,31.5
1815 out,33.5
1815 nov,37.2
1815 dez,65
1816 jan,26.3
1816 fev,68.8
1816 mar,73.7
1816 abr,58.8
1816 mai,44.3
1816 jun,43.6
1816 jul,38.8
1816 ago,23.2
1816 set,47.8
1816 out,56.4
1816 nov,38.1
1816 dez,29.9
1817 jan,36.4
1817 fev,57.9
1817 mar,96.2
1817 abr,26.4
1817 mai,21.2
1817 jun,40
1817 jul,50
1817 ago,45
1817 set,36.7
1817 out,25.6
1817 nov,28.9
1817 dez,28.4
1818 jan,34.9
1818 fev,22.4
1818 mar,25.4
1818 abr,34.5
1818 mai,53.1
1818 jun,36.4
1818 jul,28
1818 ago,31.5
1818 set,26.1
1818 out,31.7
1818 nov,10.9
1818 dez,25.8
1819 jan,32.5
1819 fev,20.7
1819 mar,3.7
1819 abr,20.2
1819 mai,19.6
1819 jun,35
1819 jul,31.4
1819 ago,26.1
1819 set,14.9
1819 out,27.5
1819 nov,25.1
1819 dez,30.6
1820 jan,19.2
1820 fev,26.6
1820 mar,4.5
1820 abr,19.4
1820 mai,29.3
1820 jun,10.8
1820 jul,20.6
1820 ago,25.9
1820 set,5.2
1820 out,9
1820 nov,7.9
1820 dez,9.7
1821 jan,21.5
1821 fev,4.3
1821 mar,5.7
1821 abr,9.2
1821 mai,1.7
1821 jun,1.8
1821 jul,2.5
1821 ago,4.8
1821 set,4.4
1821 out,18.8
1821 nov,4.4
1821 dez,0
1822 jan,0
1822 fev,0.9
1822 mar,16.1
1822 abr,13.5
1822 mai,1.5
1822 jun,5.6
1822 jul,7.9
1822 ago,2.1
1822 set,0
1822 out,0.4
1822 nov,0
1822 dez,0
1823 jan,0
1823 fev,0
1823 mar,0.6
1823 abr,0
1823 mai,0
1823 jun,0
1823 jul,0.5
1823 ago,0
1823 set,0
1823 out,0
1823 nov,0
1823 dez,20.4
1824 jan,21.6
1824 fev,10.8
1824 mar,0
1824 abr,19.4
1824 mai,2.8
1824 jun,0
1824 jul,0
1824 ago,1.4
1824 set,20.5
1824 out,25.2
1824 nov,0
1824 dez,0.8
1825 jan,5
1825 fev,15.5
1825 mar,22.4
1825 abr,3.8
1825 mai,15.4
1825 jun,15.4
1825 jul,30.9
1825 ago,25.4
1825 set,15.7
1825 out,15.6
1825 nov,11.7
1825 dez,22
1826 jan,17.7
1826 fev,18.2
1826 mar,36.7
1826 abr,24
1826 mai,32.4
1826 jun,37.1
1826 jul,52.5
1826 ago,39.6
1826 set,18.9
1826 out,50.6
1826 nov,39.5
1826 dez,68.1
1827 jan,34.6
1827 fev,47.4
1827 mar,57.8
1827 abr,46
1827 mai,56.3
1827 jun,56.7
1827 jul,42.9
1827 ago,53.7
1827 set,49.6
1827 out,57.2
1827 nov,48.2
1827 dez,46.1
1828 jan,52.8
1828 fev,64.4
1828 mar,65
1828 abr,61.1
1828 mai,89.1
1828 jun,98
1828 jul,54.3
1828 ago,76.4
1828 set,50.4
1828 out,54.7
1828 nov,57
1828 dez,46.6
1829 jan,43
1829 fev,49.4
1829 mar,72.3
1829 abr,95
1829 mai,67.5
1829 jun,73.9
1829 jul,90.8
1829 ago,78.3
1829 set,52.8
1829 out,57.2
1829 nov,67.6
1829 dez,56.5
1830 jan,52.2
1830 fev,72.1
1830 mar,84.6
1830 abr,107.1
1830 mai,66.3
1830 jun,65.1
1830 jul,43.9
1830 ago,50.7
1830 set,62.1
1830 out,84.4
1830 nov,81.2
1830 dez,82.1
1831 jan,47.5
1831 fev,50.1
1831 mar,93.4
1831 abr,54.6
1831 mai,38.1
1831 jun,33.4
1831 jul,45.2
1831 ago,54.9
1831 set,37.9
1831 out,46.2
1831 nov,43.5
1831 dez,28.9
1832 jan,30.9
1832 fev,55.5
1832 mar,55.1
1832 abr,26.9
1832 mai,41.3
1832 jun,26.7
1832 jul,13.9
1832 ago,8.9
1832 set,8.2
1832 out,21.1
1832 nov,14.3
1832 dez,27.5
1833 jan,11.3
1833 fev,14.9
1833 mar,11.8
1833 abr,2.8
1833 mai,12.9
1833 jun,1
1833 jul,7
1833 ago,5.7
1833 set,11.6
1833 out,7.5
1833 nov,5.9
1833 dez,9.9
1834 jan,4.9
1834 fev,18.1
1834 mar,3.9
1834 abr,1.4
1834 mai,8.8
1834 jun,7.8
1834 jul,8.7
1834 ago,4
1834 set,11.5
1834 out,24.8
1834 nov,30.5
1834 dez,34.5
1835 jan,7.5
1835 fev,24.5
1835 mar,19.7
1835 abr,61.5
1835 mai,43.6
1835 jun,33.2
1835 jul,59.8
1835 ago,59
1835 set,100.8
1835 out,95.2
1835 nov,100
1835 dez,77.5
1836 jan,88.6
1836 fev,107.6
1836 mar,98.1
1836 abr,142.9
1836 mai,111.4
1836 jun,124.7
1836 jul,116.7
1836 ago,107.8
1836 set,95.1
1836 out,137.4
1836 nov,120.9
1836 dez,206.2
1837 jan,188
1837 fev,175.6
1837 mar,134.6
1837 abr,138.2
1837 mai,111.3
1837 jun,158
1837 jul,162.8
1837 ago,134
1837 set,96.3
1837 out,123.7
1837 nov,107
1837 dez,129.8
1838 jan,144.9
1838 fev,84.8
1838 mar,140.8
1838 abr,126.6
1838 mai,137.6
1838 jun,94.5
1838 jul,108.2
1838 ago,78.8
1838 set,73.6
1838 out,90.8
1838 nov,77.4
1838 dez,79.8
1839 jan,107.6
1839 fev,102.5
1839 mar,77.7
1839 abr,61.8
1839 mai,53.8
1839 jun,54.6
1839 jul,84.7
1839 ago,131.2
1839 set,132.7
1839 out,90.8
1839 nov,68.8
1839 dez,63.6
1840 jan,81.2
1840 fev,87.7
1840 mar,55.5
1840 abr,65.9
1840 mai,69.2
1840 jun,48.5
1840 jul,60.7
1840 ago,57.8
1840 set,74
1840 out,49.8
1840 nov,54.3
1840 dez,53.7
1841 jan,24
1841 fev,29.9
1841 mar,29.7
1841 abr,42.6
1841 mai,67.4
1841 jun,55.7
1841 jul,30.8
1841 ago,39.3
1841 set,35.1
1841 out,28.5
1841 nov,19.8
1841 dez,38.8
1842 jan,20.4
1842 fev,22.1
1842 mar,21.7
1842 abr,26.9
1842 mai,24.9
1842 jun,20.5
1842 jul,12.6
1842 ago,26.5
1842 set,18.5
1842 out,38.1
1842 nov,40.5
1842 dez,17.6
1843 jan,13.3
1843 fev,3.5
1843 mar,8.3
1843 abr,8.8
1843 mai,21.1
1843 jun,10.5
1843 jul,9.5
1843 ago,11.8
1843 set,4.2
1843 out,5.3
1843 nov,19.1
1843 dez,12.7
1844 jan,9.4
1844 fev,14.7
1844 mar,13.6
1844 abr,20.8
1844 mai,12
1844 jun,3.7
1844 jul,21.2
1844 ago,23.9
1844 set,6.9
1844 out,21.5
1844 nov,10.7
1844 dez,21.6
1845 jan,25.7
1845 fev,43.6
1845 mar,43.3
1845 abr,56.9
1845 mai,47.8
1845 jun,31.1
1845 jul,30.6
1845 ago,32.3
1845 set,29.6
1845 out,40.7
1845 nov,39.4
1845 dez,59.7
1846 jan,38.7
1846 fev,51
1846 mar,63.9
1846 abr,69.2
1846 mai,59.9
1846 jun,65.1
1846 jul,46.5
1846 ago,54.8
1846 set,107.1
1846 out,55.9
1846 nov,60.4
1846 dez,65.5
1847 jan,62.6
1847 fev,44.9
1847 mar,85.7
1847 abr,44.7
1847 mai,75.4
1847 jun,85.3
1847 jul,52.2
1847 ago,140.6
1847 set,161.2
1847 out,180.4
1847 nov,138.9
1847 dez,109.6
1848 jan,159.1
1848 fev,111.8
1848 mar,108.9
1848 abr,107.1
1848 mai,102.2
1848 jun,123.8
1848 jul,139.2
1848 ago,132.5
1848 set,100.3
1848 out,132.4
1848 nov,114.6
1848 dez,159.9
1849 jan,156.7
1849 fev,131.7
1849 mar,96.5
1849 abr,102.5
1849 mai,80.6
1849 jun,81.2
1849 jul,78
1849 ago,61.3
1849 set,93.7
1849 out,71.5
1849 nov,99.7
1849 dez,97
1850 jan,78
1850 fev,89.4
1850 mar,82.6
1850 abr,44.1
1850 mai,61.6
1850 jun,70
1850 jul,39.1
1850 ago,61.6
1850 set,86.2
1850 out,71
1850 nov,54.8
1850 dez,60
1851 jan,75.5
1851 fev,105.4
1851 mar,64.6
1851 abr,56.5
1851 mai,62.6
1851 jun,63.2
1851 jul,36.1
1851 ago,57.4
1851 set,67.9
1851 out,62.5
1851 nov,50.9
1851 dez,71.4
1852 jan,68.4
1852 fev,67.5
1852 mar,61.2
1852 abr,65.4
1852 mai,54.9
1852 jun,46.9
1852 jul,42
1852 ago,39.7
1852 set,37.5
1852 out,67.3
1852 nov,54.3
1852 dez,45.4
1853 jan,41.1
1853 fev,42.9
1853 mar,37.7
1853 abr,47.6
1853 mai,34.7
1853 jun,40
1853 jul,45.9
1853 ago,50.4
1853 set,33.5
1853 out,42.3
1853 nov,28.8
1853 dez,23.4
1854 jan,15.4
1854 fev,20
1854 mar,20.7
1854 abr,26.4
1854 mai,24
1854 jun,21.1
1854 jul,18.7
1854 ago,15.8
1854 set,22.4
1854 out,12.7
1854 nov,28.2
1854 dez,21.4
1855 jan,12.3
1855 fev,11.4
1855 mar,17.4
1855 abr,4.4
1855 mai,9.1
1855 jun,5.3
1855 jul,0.4
1855 ago,3.1
1855 set,0
1855 out,9.7
1855 nov,4.3
1855 dez,3.1
1856 jan,0.5
1856 fev,4.9
1856 mar,0.4
1856 abr,6.5
1856 mai,0
1856 jun,5
1856 jul,4.6
1856 ago,5.9
1856 set,4.4
1856 out,4.5
1856 nov,7.7
1856 dez,7.2
1857 jan,13.7
1857 fev,7.4
1857 mar,5.2
1857 abr,11.1
1857 mai,29.2
1857 jun,16
1857 jul,22.2
1857 ago,16.9
1857 set,42.4
1857 out,40.6
1857 nov,31.4
1857 dez,37.2
1858 jan,39
1858 fev,34.9
1858 mar,57.5
1858 abr,38.3
1858 mai,41.4
1858 jun,44.5
1858 jul,56.7
1858 ago,55.3
1858 set,80.1
1858 out,91.2
1858 nov,51.9
1858 dez,66.9
1859 jan,83.7
1859 fev,87.6
1859 mar,90.3
1859 abr,85.7
1859 mai,91
1859 jun,87.1
1859 jul,95.2
1859 ago,106.8
1859 set,105.8
1859 out,114.6
1859 nov,97.2
1859 dez,81
1860 jan,81.5
1860 fev,88
1860 mar,98.9
1860 abr,71.4
1860 mai,107.1
1860 jun,108.6
1860 jul,116.7
1860 ago,100.3
1860 set,92.2
1860 out,90.1
1860 nov,97.9
1860 dez,95.6
1861 jan,62.3
1861 fev,77.8
1861 mar,101
1861 abr,98.5
1861 mai,56.8
1861 jun,87.8
1861 jul,78
1861 ago,82.5
1861 set,79.9
1861 out,67.2
1861 nov,53.7
1861 dez,80.5
1862 jan,63.1
1862 fev,64.5
1862 mar,43.6
1862 abr,53.7
1862 mai,64.4
1862 jun,84
1862 jul,73.4
1862 ago,62.5
1862 set,66.6
1862 out,42
1862 nov,50.6
1862 dez,40.9
1863 jan,48.3
1863 fev,56.7
1863 mar,66.4
1863 abr,40.6
1863 mai,53.8
1863 jun,40.8
1863 jul,32.7
1863 ago,48.1
1863 set,22
1863 out,39.9
1863 nov,37.7
1863 dez,41.2
1864 jan,57.7
1864 fev,47.1
1864 mar,66.3
1864 abr,35.8
1864 mai,40.6
1864 jun,57.8
1864 jul,54.7
1864 ago,54.8
1864 set,28.5
1864 out,33.9
1864 nov,57.6
1864 dez,28.6
1865 jan,48.7
1865 fev,39.3
1865 mar,39.5
1865 abr,29.4
1865 mai,34.5
1865 jun,33.6
1865 jul,26.8
1865 ago,37.8
1865 set,21.6
1865 out,17.1
1865 nov,24.6
1865 dez,12.8
1866 jan,31.6
1866 fev,38.4
1866 mar,24.6
1866 abr,17.6
1866 mai,12.9
1866 jun,16.5
1866 jul,9.3
1866 ago,12.7
1866 set,7.3
1866 out,14.1
1866 nov,9
1866 dez,1.5
1867 jan,0
1867 fev,0.7
1867 mar,9.2
1867 abr,5.1
1867 mai,2.9
1867 jun,1.5
1867 jul,5
1867 ago,4.9
1867 set,9.8
1867 out,13.5
1867 nov,9.3
1867 dez,25.2
1868 jan,15.6
1868 fev,15.8
1868 mar,26.5
1868 abr,36.6
1868 mai,26.7
1868 jun,31.1
1868 jul,28.6
1868 ago,34.4
1868 set,43.8
1868 out,61.7
1868 nov,59.1
1868 dez,67.6
1869 jan,60.9
1869 fev,59.3
1869 mar,52.7
1869 abr,41
1869 mai,104
1869 jun,108.4
1869 jul,59.2
1869 ago,79.6
1869 set,80.6
1869 out,59.4
1869 nov,77.4
1869 dez,104.3
1870 jan,77.3
1870 fev,114.9
1870 mar,159.4
1870 abr,160
1870 mai,176
1870 jun,135.6
1870 jul,132.4
1870 ago,153.8
1870 set,136
1870 out,146.4
1870 nov,147.5
1870 dez,130
1871 jan,88.3
1871 fev,125.3
1871 mar,143.2
1871 abr,162.4
1871 mai,145.5
1871 jun,91.7
1871 jul,103
1871 ago,110
1871 set,80.3
1871 out,89
1871 nov,105.4
1871 dez,90.3
1872 jan,79.5
1872 fev,120.1
1872 mar,88.4
1872 abr,102.1
1872 mai,107.6
1872 jun,109.9
1872 jul,105.5
1872 ago,92.9
1872 set,114.6
1872 out,103.5
1872 nov,112
1872 dez,83.9
1873 jan,86.7
1873 fev,107
1873 mar,98.3
1873 abr,76.2
1873 mai,47.9
1873 jun,44.8
1873 jul,66.9
1873 ago,68.2
1873 set,47.5
1873 out,47.4
1873 nov,55.4
1873 dez,49.2
1874 jan,60.8
1874 fev,64.2
1874 mar,46.4
1874 abr,32
1874 mai,44.6
1874 jun,38.2
1874 jul,67.8
1874 ago,61.3
1874 set,28
1874 out,34.3
1874 nov,28.9
1874 dez,29.3
1875 jan,14.6
1875 fev,22.2
1875 mar,33.8
1875 abr,29.1
1875 mai,11.5
1875 jun,23.9
1875 jul,12.5
1875 ago,14.6
1875 set,2.4
1875 out,12.7
1875 nov,17.7
1875 dez,9.9
1876 jan,14.3
1876 fev,15
1876 mar,31.2
1876 abr,2.3
1876 mai,5.1
1876 jun,1.6
1876 jul,15.2
1876 ago,8.8
1876 set,9.9
1876 out,14.3
1876 nov,9.9
1876 dez,8.2
1877 jan,24.4
1877 fev,8.7
1877 mar,11.7
1877 abr,15.8
1877 mai,21.2
1877 jun,13.4
1877 jul,5.9
1877 ago,6.3
1877 set,16.4
1877 out,6.7
1877 nov,14.5
1877 dez,2.3
1878 jan,3.3
1878 fev,6
1878 mar,7.8
1878 abr,0.1
1878 mai,5.8
1878 jun,6.4
1878 jul,0.1
1878 ago,0
1878 set,5.3
1878 out,1.1
1878 nov,4.1
1878 dez,0.5
1879 jan,0.8
1879 fev,0.6
1879 mar,0
1879 abr,6.2
1879 mai,2.4
1879 jun,4.8
1879 jul,7.5
1879 ago,10.7
1879 set,6.1
1879 out,12.3
1879 nov,12.9
1879 dez,7.2
1880 jan,24
1880 fev,27.5
1880 mar,19.5
1880 abr,19.3
1880 mai,23.5
1880 jun,34.1
1880 jul,21.9
1880 ago,48.1
1880 set,66
1880 out,43
1880 nov,30.7
1880 dez,29.6
1881 jan,36.4
1881 fev,53.2
1881 mar,51.5
1881 abr,51.7
1881 mai,43.5
1881 jun,60.5
1881 jul,76.9
1881 ago,58
1881 set,53.2
1881 out,64
1881 nov,54.8
1881 dez,47.3
1882 jan,45
1882 fev,69.3
1882 mar,67.5
1882 abr,95.8
1882 mai,64.1
1882 jun,45.2
1882 jul,45.4
1882 ago,40.4
1882 set,57.7
1882 out,59.2
1882 nov,84.4
1882 dez,41.8
1883 jan,60.6
1883 fev,46.9
1883 mar,42.8
1883 abr,82.1
1883 mai,32.1
1883 jun,76.5
1883 jul,80.6
1883 ago,46
1883 set,52.6
1883 out,83.8
1883 nov,84.5
1883 dez,75.9
1884 jan,91.5
1884 fev,86.9
1884 mar,86.8
1884 abr,76.1
1884 mai,66.5
1884 jun,51.2
1884 jul,53.1
1884 ago,55.8
1884 set,61.9
1884 out,47.8
1884 nov,36.6
1884 dez,47.2
1885 jan,42.8
1885 fev,71.8
1885 mar,49.8
1885 abr,55
1885 mai,73
1885 jun,83.7
1885 jul,66.5
1885 ago,50
1885 set,39.6
1885 out,38.7
1885 nov,33.3
1885 dez,21.7
1886 jan,29.9
1886 fev,25.9
1886 mar,57.3
1886 abr,43.7
1886 mai,30.7
1886 jun,27.1
1886 jul,30.3
1886 ago,16.9
1886 set,21.4
1886 out,8.6
1886 nov,0.3
1886 dez,12.4
1887 jan,10.3
1887 fev,13.2
1887 mar,4.2
1887 abr,6.9
1887 mai,20
1887 jun,15.7
1887 jul,23.3
1887 ago,21.4
1887 set,7.4
1887 out,6.6
1887 nov,6.9
1887 dez,20.7
1888 jan,12.7
1888 fev,7.1
1888 mar,7.8
1888 abr,5.1
1888 mai,7
1888 jun,7.1
1888 jul,3.1
1888 ago,2.8
1888 set,8.8
1888 out,2.1
1888 nov,10.7
1888 dez,6.7
1889 jan,0.8
1889 fev,8.5
1889 mar,7
1889 abr,4.3
1889 mai,2.4
1889 jun,6.4
1889 jul,9.7
1889 ago,20.6
1889 set,6.5
1889 out,2.1
1889 nov,0.2
1889 dez,6.7
1890 jan,5.3
1890 fev,0.6
1890 mar,5.1
1890 abr,1.6
1890 mai,4.8
1890 jun,1.3
1890 jul,11.6
1890 ago,8.5
1890 set,17.2
1890 out,11.2
1890 nov,9.6
1890 dez,7.8
1891 jan,13.5
1891 fev,22.2
1891 mar,10.4
1891 abr,20.5
1891 mai,41.1
1891 jun,48.3
1891 jul,58.8
1891 ago,33.2
1891 set,53.8
1891 out,51.5
1891 nov,41.9
1891 dez,32.3
1892 jan,69.1
1892 fev,75.6
1892 mar,49.9
1892 abr,69.6
1892 mai,79.6
1892 jun,76.3
1892 jul,76.8
1892 ago,101.4
1892 set,62.8
1892 out,70.5
1892 nov,65.4
1892 dez,78.6
1893 jan,75
1893 fev,73
1893 mar,65.7
1893 abr,88.1
1893 mai,84.7
1893 jun,88.2
1893 jul,88.8
1893 ago,129.2
1893 set,77.9
1893 out,79.7
1893 nov,75.1
1893 dez,93.8
1894 jan,83.2
1894 fev,84.6
1894 mar,52.3
1894 abr,81.6
1894 mai,101.2
1894 jun,98.9
1894 jul,106
1894 ago,70.3
1894 set,65.9
1894 out,75.5
1894 nov,56.6
1894 dez,60
1895 jan,63.3
1895 fev,67.2
1895 mar,61
1895 abr,76.9
1895 mai,67.5
1895 jun,71.5
1895 jul,47.8
1895 ago,68.9
1895 set,57.7
1895 out,67.9
1895 nov,47.2
1895 dez,70.7
1896 jan,29
1896 fev,57.4
1896 mar,52
1896 abr,43.8
1896 mai,27.7
1896 jun,49
1896 jul,45
1896 ago,27.2
1896 set,61.3
1896 out,28.4
1896 nov,38
1896 dez,42.6
1897 jan,40.6
1897 fev,29.4
1897 mar,29.1
1897 abr,31
1897 mai,20
1897 jun,11.3
1897 jul,27.6
1897 ago,21.8
1897 set,48.1
1897 out,14.3
1897 nov,8.4
1897 dez,33.3
1898 jan,30.2
1898 fev,36.4
1898 mar,38.3
1898 abr,14.5
1898 mai,25.8
1898 jun,22.3
1898 jul,9
1898 ago,31.4
1898 set,34.8
1898 out,34.4
1898 nov,30.9
1898 dez,12.6
1899 jan,19.5
1899 fev,9.2
1899 mar,18.1
1899 abr,14.2
1899 mai,7.7
1899 jun,20.5
1899 jul,13.5
1899 ago,2.9
1899 set,8.4
1899 out,13
1899 nov,7.8
1899 dez,10.5
1900 jan,9.4
1900 fev,13.6
1900 mar,8.6
1900 abr,16
1900 mai,15.2
1900 jun,12.1
1900 jul,8.3
1900 ago,4.3
1900 set,8.3
1900 out,12.9
1900 nov,4.5
1900 dez,0.3
1901 jan,0.2
1901 fev,2.4
1901 mar,4.5
1901 abr,0
1901 mai,10.2
1901 jun,5.8
1901 jul,0.7
1901 ago,1
1901 set,0.6
1901 out,3.7
1901 nov,3.8
1901 dez,0
1902 jan,5.2
1902 fev,0
1902 mar,12.4
1902 abr,0
1902 mai,2.8
1902 jun,1.4
1902 jul,0.9
1902 ago,2.3
1902 set,7.6
1902 out,16.3
1902 nov,10.3
1902 dez,1.1
1903 jan,8.3
1903 fev,17
1903 mar,13.5
1903 abr,26.1
1903 mai,14.6
1903 jun,16.3
1903 jul,27.9
1903 ago,28.8
1903 set,11.1
1903 out,38.9
1903 nov,44.5
1903 dez,45.6
1904 jan,31.6
1904 fev,24.5
1904 mar,37.2
1904 abr,43
1904 mai,39.5
1904 jun,41.9
1904 jul,50.6
1904 ago,58.2
1904 set,30.1
1904 out,54.2
1904 nov,38
1904 dez,54.6
1905 jan,54.8
1905 fev,85.8
1905 mar,56.5
1905 abr,39.3
1905 mai,48
1905 jun,49
1905 jul,73
1905 ago,58.8
1905 set,55
1905 out,78.7
1905 nov,107.2
1905 dez,55.5
1906 jan,45.5
1906 fev,31.3
1906 mar,64.5
1906 abr,55.3
1906 mai,57.7
1906 jun,63.2
1906 jul,103.6
1906 ago,47.7
1906 set,56.1
1906 out,17.8
1906 nov,38.9
1906 dez,64.7
1907 jan,76.4
1907 fev,108.2
1907 mar,60.7
1907 abr,52.6
1907 mai,42.9
1907 jun,40.4
1907 jul,49.7
1907 ago,54.3
1907 set,85
1907 out,65.4
1907 nov,61.5
1907 dez,47.3
1908 jan,39.2
1908 fev,33.9
1908 mar,28.7
1908 abr,57.6
1908 mai,40.8
1908 jun,48.1
1908 jul,39.5
1908 ago,90.5
1908 set,86.9
1908 out,32.3
1908 nov,45.5
1908 dez,39.5
1909 jan,56.7
1909 fev,46.6
1909 mar,66.3
1909 abr,32.3
1909 mai,36
1909 jun,22.6
1909 jul,35.8
1909 ago,23.1
1909 set,38.8
1909 out,58.4
1909 nov,55.8
1909 dez,54.2
1910 jan,26.4
1910 fev,31.5
1910 mar,21.4
1910 abr,8.4
1910 mai,22.2
1910 jun,12.3
1910 jul,14.1
1910 ago,11.5
1910 set,26.2
1910 out,38.3
1910 nov,4.9
1910 dez,5.8
1911 jan,3.4
1911 fev,9
1911 mar,7.8
1911 abr,16.5
1911 mai,9
1911 jun,2.2
1911 jul,3.5
1911 ago,4
1911 set,4
1911 out,2.6
1911 nov,4.2
1911 dez,2.2
1912 jan,0.3
1912 fev,0
1912 mar,4.9
1912 abr,4.5
1912 mai,4.4
1912 jun,4.1
1912 jul,3
1912 ago,0.3
1912 set,9.5
1912 out,4.6
1912 nov,1.1
1912 dez,6.4
1913 jan,2.3
1913 fev,2.9
1913 mar,0.5
1913 abr,0.9
1913 mai,0
1913 jun,0
1913 jul,1.7
1913 ago,0.2
1913 set,1.2
1913 out,3.1
1913 nov,0.7
1913 dez,3.8
1914 jan,2.8
1914 fev,2.6
1914 mar,3.1
1914 abr,17.3
1914 mai,5.2
1914 jun,11.4
1914 jul,5.4
1914 ago,7.7
1914 set,12.7
1914 out,8.2
1914 nov,16.4
1914 dez,22.3
1915 jan,23
1915 fev,42.3
1915 mar,38.8
1915 abr,41.3
1915 mai,33
1915 jun,68.8
1915 jul,71.6
1915 ago,69.6
1915 set,49.5
1915 out,53.5
1915 nov,42.5
1915 dez,34.5
1916 jan,45.3
1916 fev,55.4
1916 mar,67
1916 abr,71.8
1916 mai,74.5
1916 jun,67.7
1916 jul,53.5
1916 ago,35.2
1916 set,45.1
1916 out,50.7
1916 nov,65.6
1916 dez,53
1917 jan,74.7
1917 fev,71.9
1917 mar,94.8
1917 abr,74.7
1917 mai,114.1
1917 jun,114.9
1917 jul,119.8
1917 ago,154.5
1917 set,129.4
1917 out,72.2
1917 nov,96.4
1917 dez,129.3
1918 jan,96
1918 fev,65.3
1918 mar,72.2
1918 abr,80.5
1918 mai,76.7
1918 jun,59.4
1918 jul,107.6
1918 ago,101.7
1918 set,79.9
1918 out,85
1918 nov,83.4
1918 dez,59.2
1919 jan,48.1
1919 fev,79.5
1919 mar,66.5
1919 abr,51.8
1919 mai,88.1
1919 jun,111.2
1919 jul,64.7
1919 ago,69
1919 set,54.7
1919 out,52.8
1919 nov,42
1919 dez,34.9
1920 jan,51.1
1920 fev,53.9
1920 mar,70.2
1920 abr,14.8
1920 mai,33.3
1920 jun,38.7
1920 jul,27.5
1920 ago,19.2
1920 set,36.3
1920 out,49.6
1920 nov,27.2
1920 dez,29.9
1921 jan,31.5
1921 fev,28.3
1921 mar,26.7
1921 abr,32.4
1921 mai,22.2
1921 jun,33.7
1921 jul,41.9
1921 ago,22.8
1921 set,17.8
1921 out,18.2
1921 nov,17.8
1921 dez,20.3
1922 jan,11.8
1922 fev,26.4
1922 mar,54.7
1922 abr,11
1922 mai,8
1922 jun,5.8
1922 jul,10.9
1922 ago,6.5
1922 set,4.7
1922 out,6.2
1922 nov,7.4
1922 dez,17.5
1923 jan,4.5
1923 fev,1.5
1923 mar,3.3
1923 abr,6.1
1923 mai,3.2
1923 jun,9.1
1923 jul,3.5
1923 ago,0.5
1923 set,13.2
1923 out,11.6
1923 nov,10
1923 dez,2.8
1924 jan,0.5
1924 fev,5.1
1924 mar,1.8
1924 abr,11.3
1924 mai,20.8
1924 jun,24
1924 jul,28.1
1924 ago,19.3
1924 set,25.1
1924 out,25.6
1924 nov,22.5
1924 dez,16.5
1925 jan,5.5
1925 fev,23.2
1925 mar,18
1925 abr,31.7
1925 mai,42.8
1925 jun,47.5
1925 jul,38.5
1925 ago,37.9
1925 set,60.2
1925 out,69.2
1925 nov,58.6
1925 dez,98.6
1926 jan,71.8
1926 fev,70
1926 mar,62.5
1926 abr,38.5
1926 mai,64.3
1926 jun,73.5
1926 jul,52.3
1926 ago,61.6
1926 set,60.8
1926 out,71.5
1926 nov,60.5
1926 dez,79.4
1927 jan,81.6
1927 fev,93
1927 mar,69.6
1927 abr,93.5
1927 mai,79.1
1927 jun,59.1
1927 jul,54.9
1927 ago,53.8
1927 set,68.4
1927 out,63.1
1927 nov,67.2
1927 dez,45.2
1928 jan,83.5
1928 fev,73.5
1928 mar,85.4
1928 abr,80.6
1928 mai,76.9
1928 jun,91.4
1928 jul,98
1928 ago,83.8
1928 set,89.7
1928 out,61.4
1928 nov,50.3
1928 dez,59
1929 jan,68.9
1929 fev,64.1
1929 mar,50.2
1929 abr,52.8
1929 mai,58.2
1929 jun,71.9
1929 jul,70.2
1929 ago,65.8
1929 set,34.4
1929 out,54
1929 nov,81.1
1929 dez,108
1930 jan,65.3
1930 fev,49.2
1930 mar,35
1930 abr,38.2
1930 mai,36.8
1930 jun,28.8
1930 jul,21.9
1930 ago,24.9
1930 set,32.1
1930 out,34.4
1930 nov,35.6
1930 dez,25.8
1931 jan,14.6
1931 fev,43.1
1931 mar,30
1931 abr,31.2
1931 mai,24.6
1931 jun,15.3
1931 jul,17.4
1931 ago,13
1931 set,19
1931 out,10
1931 nov,18.7
1931 dez,17.8
1932 jan,12.1
1932 fev,10.6
1932 mar,11.2
1932 abr,11.2
1932 mai,17.9
1932 jun,22.2
1932 jul,9.6
1932 ago,6.8
1932 set,4
1932 out,8.9
1932 nov,8.2
1932 dez,11
1933 jan,12.3
1933 fev,22.2
1933 mar,10.1
1933 abr,2.9
1933 mai,3.2
1933 jun,5.2
1933 jul,2.8
1933 ago,0.2
1933 set,5.1
1933 out,3
1933 nov,0.6
1933 dez,0.3
1934 jan,3.4
1934 fev,7.8
1934 mar,4.3
1934 abr,11.3
1934 mai,19.7
1934 jun,6.7
1934 jul,9.3
1934 ago,8.3
1934 set,4
1934 out,5.7
1934 nov,8.7
1934 dez,15.4
1935 jan,18.9
1935 fev,20.5
1935 mar,23.1
1935 abr,12.2
1935 mai,27.3
1935 jun,45.7
1935 jul,33.9
1935 ago,30.1
1935 set,42.1
1935 out,53.2
1935 nov,64.2
1935 dez,61.5
1936 jan,62.8
1936 fev,74.3
1936 mar,77.1
1936 abr,74.9
1936 mai,54.6
1936 jun,70
1936 jul,52.3
1936 ago,87
1936 set,76
1936 out,89
1936 nov,115.4
1936 dez,123.4
1937 jan,132.5
1937 fev,128.5
1937 mar,83.9
1937 abr,109.3
1937 mai,116.7
1937 jun,130.3
1937 jul,145.1
1937 ago,137.7
1937 set,100.7
1937 out,124.9
1937 nov,74.4
1937 dez,88.8
1938 jan,98.4
1938 fev,119.2
1938 mar,86.5
1938 abr,101
1938 mai,127.4
1938 jun,97.5
1938 jul,165.3
1938 ago,115.7
1938 set,89.6
1938 out,99.1
1938 nov,122.2
1938 dez,92.7
1939 jan,80.3
1939 fev,77.4
1939 mar,64.6
1939 abr,109.1
1939 mai,118.3
1939 jun,101
1939 jul,97.6
1939 ago,105.8
1939 set,112.6
1939 out,88.1
1939 nov,68.1
1939 dez,42.1
1940 jan,50.5
1940 fev,59.4
1940 mar,83.3
1940 abr,60.7
1940 mai,54.4
1940 jun,83.9
1940 jul,67.5
1940 ago,105.5
1940 set,66.5
1940 out,55
1940 nov,58.4
1940 dez,68.3
1941 jan,45.6
1941 fev,44.5
1941 mar,46.4
1941 abr,32.8
1941 mai,29.5
1941 jun,59.8
1941 jul,66.9
1941 ago,60
1941 set,65.9
1941 out,46.3
1941 nov,38.3
1941 dez,33.7
1942 jan,35.6
1942 fev,52.8
1942 mar,54.2
1942 abr,60.7
1942 mai,25
1942 jun,11.4
1942 jul,17.7
1942 ago,20.2
1942 set,17.2
1942 out,19.2
1942 nov,30.7
1942 dez,22.5
1943 jan,12.4
1943 fev,28.9
1943 mar,27.4
1943 abr,26.1
1943 mai,14.1
1943 jun,7.6
1943 jul,13.2
1943 ago,19.4
1943 set,10
1943 out,7.8
1943 nov,10.2
1943 dez,18.8
1944 jan,3.7
1944 fev,0.5
1944 mar,11
1944 abr,0.3
1944 mai,2.5
1944 jun,5
1944 jul,5
1944 ago,16.7
1944 set,14.3
1944 out,16.9
1944 nov,10.8
1944 dez,28.4
1945 jan,18.5
1945 fev,12.7
1945 mar,21.5
1945 abr,32
1945 mai,30.6
1945 jun,36.2
1945 jul,42.6
1945 ago,25.9
1945 set,34.9
1945 out,68.8
1945 nov,46
1945 dez,27.4
1946 jan,47.6
1946 fev,86.2
1946 mar,76.6
1946 abr,75.7
1946 mai,84.9
1946 jun,73.5
1946 jul,116.2
1946 ago,107.2
1946 set,94.4
1946 out,102.3
1946 nov,123.8
1946 dez,121.7
1947 jan,115.7
1947 fev,113.4
1947 mar,129.8
1947 abr,149.8
1947 mai,201.3
1947 jun,163.9
1947 jul,157.9
1947 ago,188.8
1947 set,169.4
1947 out,163.6
1947 nov,128
1947 dez,116.5
1948 jan,108.5
1948 fev,86.1
1948 mar,94.8
1948 abr,189.7
1948 mai,174
1948 jun,167.8
1948 jul,142.2
1948 ago,157.9
1948 set,143.3
1948 out,136.3
1948 nov,95.8
1948 dez,138
1949 jan,119.1
1949 fev,182.3
1949 mar,157.5
1949 abr,147
1949 mai,106.2
1949 jun,121.7
1949 jul,125.8
1949 ago,123.8
1949 set,145.3
1949 out,131.6
1949 nov,143.5
1949 dez,117.6
1950 jan,101.6
1950 fev,94.8
1950 mar,109.7
1950 abr,113.4
1950 mai,106.2
1950 jun,83.6
1950 jul,91
1950 ago,85.2
1950 set,51.3
1950 out,61.4
1950 nov,54.8
1950 dez,54.1
1951 jan,59.9
1951 fev,59.9
1951 mar,59.9
1951 abr,92.9
1951 mai,108.5
1951 jun,100.6
1951 jul,61.5
1951 ago,61
1951 set,83.1
1951 out,51.6
1951 nov,52.4
1951 dez,45.8
1952 jan,40.7
1952 fev,22.7
1952 mar,22
1952 abr,29.1
1952 mai,23.4
1952 jun,36.4
1952 jul,39.3
1952 ago,54.9
1952 set,28.2
1952 out,23.8
1952 nov,22.1
1952 dez,34.3
1953 jan,26.5
1953 fev,3.9
1953 mar,10
1953 abr,27.8
1953 mai,12.5
1953 jun,21.8
1953 jul,8.6
1953 ago,23.5
1953 set,19.3
1953 out,8.2
1953 nov,1.6
1953 dez,2.5
1954 jan,0.2
1954 fev,0.5
1954 mar,10.9
1954 abr,1.8
1954 mai,0.8
1954 jun,0.2
1954 jul,4.8
1954 ago,8.4
1954 set,1.5
1954 out,7
1954 nov,9.2
1954 dez,7.6
1955 jan,23.1
1955 fev,20.8
1955 mar,4.9
1955 abr,11.3
1955 mai,28.9
1955 jun,31.7
1955 jul,26.7
1955 ago,40.7
1955 set,42.7
1955 out,58.5
1955 nov,89.2
1955 dez,76.9
1956 jan,73.6
1956 fev,124
1956 mar,118.4
1956 abr,110.7
1956 mai,136.6
1956 jun,116.6
1956 jul,129.1
1956 ago,169.6
1956 set,173.2
1956 out,155.3
1956 nov,201.3
1956 dez,192.1
1957 jan,165
1957 fev,130.2
1957 mar,157.4
1957 abr,175.2
1957 mai,164.6
1957 jun,200.7
1957 jul,187.2
1957 ago,158
1957 set,235.8
1957 out,253.8
1957 nov,210.9
1957 dez,239.4
1958 jan,202.5
1958 fev,164.9
1958 mar,190.7
1958 abr,196
1958 mai,175.3
1958 jun,171.5
1958 jul,191.4
1958 ago,200.2
1958 set,201.2
1958 out,181.5
1958 nov,152.3
1958 dez,187.6
1959 jan,217.4
1959 fev,143.1
1959 mar,185.7
1959 abr,163.3
1959 mai,172
1959 jun,168.7
1959 jul,149.6
1959 ago,199.6
1959 set,145.2
1959 out,111.4
1959 nov,124
1959 dez,125
1960 jan,146.3
1960 fev,106
1960 mar,102.2
1960 abr,122
1960 mai,119.6
1960 jun,110.2
1960 jul,121.7
1960 ago,134.1
1960 set,127.2
1960 out,82.8
1960 nov,89.6
1960 dez,85.6
1961 jan,57.9
1961 fev,46.1
1961 mar,53
1961 abr,61.4
1961 mai,51
1961 jun,77.4
1961 jul,70.2
1961 ago,55.9
1961 set,63.6
1961 out,37.7
1961 nov,32.6
1961 dez,40
1962 jan,38.7
1962 fev,50.3
1962 mar,45.6
1962 abr,46.4
1962 mai,43.7
1962 jun,42
1962 jul,21.8
1962 ago,21.8
1962 set,51.3
1962 out,39.5
1962 nov,26.9
1962 dez,23.2
1963 jan,19.8
1963 fev,24.4
1963 mar,17.1
1963 abr,29.3
1963 mai,43
1963 jun,35.9
1963 jul,19.6
1963 ago,33.2
1963 set,38.8
1963 out,35.3
1963 nov,23.4
1963 dez,14.9
1964 jan,15.3
1964 fev,17.7
1964 mar,16.5
1964 abr,8.6
1964 mai,9.5
1964 jun,9.1
1964 jul,3.1
1964 ago,9.3
1964 set,4.7
1964 out,6.1
1964 nov,7.4
1964 dez,15.1
1965 jan,17.5
1965 fev,14.2
1965 mar,11.7
1965 abr,6.8
1965 mai,24.1
1965 jun,15.9
1965 jul,11.9
1965 ago,8.9
1965 set,16.8
1965 out,20.1
1965 nov,15.8
1965 dez,17
1966 jan,28.2
1966 fev,24.4
1966 mar,25.3
1966 abr,48.7
1966 mai,45.3
1966 jun,47.7
1966 jul,56.7
1966 ago,51.2
1966 set,50.2
1966 out,57.2
1966 nov,57.2
1966 dez,70.4
1967 jan,110.9
1967 fev,93.6
1967 mar,111.8
1967 abr,69.5
1967 mai,86.5
1967 jun,67.3
1967 jul,91.5
1967 ago,107.2
1967 set,76.8
1967 out,88.2
1967 nov,94.3
1967 dez,126.4
1968 jan,121.8
1968 fev,111.9
1968 mar,92.2
1968 abr,81.2
1968 mai,127.2
1968 jun,110.3
1968 jul,96.1
1968 ago,109.3
1968 set,117.2
1968 out,107.7
1968 nov,86
1968 dez,109.8
1969 jan,104.4
1969 fev,120.5
1969 mar,135.8
1969 abr,106.8
1969 mai,120
1969 jun,106
1969 jul,96.8
1969 ago,98
1969 set,91.3
1969 out,95.7
1969 nov,93.5
1969 dez,97.9
1970 jan,111.5
1970 fev,127.8
1970 mar,102.9
1970 abr,109.5
1970 mai,127.5
1970 jun,106.8
1970 jul,112.5
1970 ago,93
1970 set,99.5
1970 out,86.6
1970 nov,95.2
1970 dez,83.5
1971 jan,91.3
1971 fev,79
1971 mar,60.7
1971 abr,71.8
1971 mai,57.5
1971 jun,49.8
1971 jul,81
1971 ago,61.4
1971 set,50.2
1971 out,51.7
1971 nov,63.2
1971 dez,82.2
1972 jan,61.5
1972 fev,88.4
1972 mar,80.1
1972 abr,63.2
1972 mai,80.5
1972 jun,88
1972 jul,76.5
1972 ago,76.8
1972 set,64
1972 out,61.3
1972 nov,41.6
1972 dez,45.3
1973 jan,43.4
1973 fev,42.9
1973 mar,46
1973 abr,57.7
1973 mai,42.4
1973 jun,39.5
1973 jul,23.1
1973 ago,25.6
1973 set,59.3
1973 out,30.7
1973 nov,23.9
1973 dez,23.3
1974 jan,27.6
1974 fev,26
1974 mar,21.3
1974 abr,40.3
1974 mai,39.5
1974 jun,36
1974 jul,55.8
1974 ago,33.6
1974 set,40.2
1974 out,47.1
1974 nov,25
1974 dez,20.5
1975 jan,18.9
1975 fev,11.5
1975 mar,11.5
1975 abr,5.1
1975 mai,9
1975 jun,11.4
1975 jul,28.2
1975 ago,39.7
1975 set,13.9
1975 out,9.1
1975 nov,19.4
1975 dez,7.8
1976 jan,8.1
1976 fev,4.3
1976 mar,21.9
1976 abr,18.8
1976 mai,12.4
1976 jun,12.2
1976 jul,1.9
1976 ago,16.4
1976 set,13.5
1976 out,20.6
1976 nov,5.2
1976 dez,15.3
1977 jan,16.4
1977 fev,23.1
1977 mar,8.7
1977 abr,12.9
1977 mai,18.6
1977 jun,38.5
1977 jul,21.4
1977 ago,30.1
1977 set,44
1977 out,43.8
1977 nov,29.1
1977 dez,43.2
1978 jan,51.9
1978 fev,93.6
1978 mar,76.5
1978 abr,99.7
1978 mai,82.7
1978 jun,95.1
1978 jul,70.4
1978 ago,58.1
1978 set,138.2
1978 out,125.1
1978 nov,97.9
1978 dez,122.7
1979 jan,166.6
1979 fev,137.5
1979 mar,138
1979 abr,101.5
1979 mai,134.4
1979 jun,149.5
1979 jul,159.4
1979 ago,142.2
1979 set,188.4
1979 out,186.2
1979 nov,183.3
1979 dez,176.3
1980 jan,159.6
1980 fev,155
1980 mar,126.2
1980 abr,164.1
1980 mai,179.9
1980 jun,157.3
1980 jul,136.3
1980 ago,135.4
1980 set,155
1980 out,164.7
1980 nov,147.9
1980 dez,174.4
1981 jan,114
1981 fev,141.3
1981 mar,135.5
1981 abr,156.4
1981 mai,127.5
1981 jun,90
1981 jul,143.8
1981 ago,158.7
1981 set,167.3
1981 out,162.4
1981 nov,137.5
1981 dez,150.1
1982 jan,111.2
1982 fev,163.6
1982 mar,153.8
1982 abr,122
1982 mai,82.2
1982 jun,110.4
1982 jul,106.1
1982 ago,107.6
1982 set,118.8
1982 out,94.7
1982 nov,98.1
1982 dez,127
1983 jan,84.3
1983 fev,51
1983 mar,66.5
1983 abr,80.7
1983 mai,99.2
1983 jun,91.1
1983 jul,82.2
1983 ago,71.8
1983 set,50.3
1983 out,55.8
1983 nov,33.3
1983 dez,33.4
